<hibernate-configuration>
    <session-factory>
        <property name="connection.driver_class">com.mysql.cj.jdbc.Driver</property>
        <property name="connection.url">jdbc:mysql://192.168.10.127:3306/dac99?useSSL=false</property>
        <property name="connection.username">dac99</property>
        <property name="connection.password">welcome</property>
        <property name="hibernate.dialect">org.hibernate.dialect.MySQL8Dialect</property> <!-- Corrected property name -->
        <property name="hibernate.connection.pool_size">3</property> <!-- Optional: consider increasing for production -->
        <property name="hibernate.show_sql">true</property>
        <property name="hibernate.format_sql">true</property>
        <property name="hibernate.hbm2ddl.auto">update</property> <!-- Automatically update the schema -->
        
        <!-- Mapping classes -->
        <mapping class="com.demo.bean.Student"/>
        <mapping class="com.demo.bean.Books"/>
    </session-factory>
</hibernate-configuration>